<?xml version="1.0" encoding="UTF-8"?>
<project-private xmlns="http://www.netbeans.org/ns/project-private/1">
    <editor-bookmarks xmlns="http://www.netbeans.org/ns/editor-bookmarks/2" lastBookmarkId="0"/>
    <open-files xmlns="http://www.netbeans.org/ns/projectui-open-files/2">
        <group>
            <file>file:/C:/Users/Andres/Documents/NetBeansProjects/Clientes/src/java/com/clientes/frontend/seguridad/UsuarioControler.java</file>
            <file>file:/C:/Users/Andres/Documents/NetBeansProjects/Clientes/web/WEB-INF/template/newTemplate.xhtml</file>
            <file>file:/C:/Users/Andres/Documents/NetBeansProjects/Clientes/web/index.xhtml</file>
            <file>file:/C:/Users/Andres/Documents/NetBeansProjects/Clientes/web/pages/clientes/lista_clientes.xhtml</file>
            <file>file:/C:/Users/Andres/Documents/NetBeansProjects/Clientes/src/java/com/clientes/frontend/utils/Password.java</file>
        </group>
    </open-files>
</project-private>
